S_INT_id	A_INT_content_id	S_BOL_available	A_INT_tab	C_INT_new_tab	A_INT_type	A_INT_across_server_group	S_ARR_server_groups	S_INT_trigger_type	S_STR_trigger_val	S_BOL_reopen	S_STR_open_day_limit	S_STR_trigger_rept	S_STR_forecast_before_start	S_STR_duration	S_STR_close_after_end	S_INT_special_type	S_STR_special_val	S_INT_level_condition	S_INT_level_val
s	cs	s	cs	c	cs	cs	s	s	s	s	s	s	s	s	s	s	s	s	s
int	int	bool	int	int	int	int	int[]	int	string	bool	string	string	string	string	string	int	string	int	int
ID	ContentID	Available	Tab	NewTab	Type	AcrossServerGroup	ServerGroups	TriggerType	TriggerVal	Reopen	OpenDayLimit	TriggerRept	ForecastBeforeStart	Duration	CloseAfterEnd	SpecialType	SpecialVal	LevelCondition	LevelVal
id	content_id	available			type		server_groups	trigger_type	trigger_val	reopen		trigger_rept	forecast_before_start	duration	close_after_end

编号	内容ID	开启状态	活动入口	新活动入口	类型	跨服组	服务器组	时间类型	时间数值	循环状态	开服时间限制	再次触发时间	预告时间	持续时间	关闭时间	特殊条件	特殊条件值	等级条件	等级条件值


32000101	1011	1	6	0	32	0	[]	3	0h	0	0h	0h	0h	3600d	0h	0	0	0	0
2800100	0	1	6	0	28	0	[]	3	3h	0	0h	0	0h	3600d	0h	0	0	0	0
2000101	1301	1	6	0	14	0	[]	3	0h	0	0h	0h	0h	3600d	0h	0	0	0	0
1050202	801	1	8	0	37	0	[]	3	0d	0	0h	0h	0h	7d	0h	6	2026-06-25 00:00:00	0	0
1050207	804	1	8	0	37	0	[]	3	0d	0	0h	0h	0h	7d	0h	5	2026-06-25 00:00:00	0	0
1050203	803	1	8	0	37	0	[]	3	7d	0	0h	0h	0h	7d	0h	0	0	0	0
1050204	803	1	8	0	37	0	[]	3	14d	0	0h	0h	0h	7d	0h	0	0	0	0
1050205	803	1	8	0	37	0	[]	3	21d	0	0h	0h	0h	7d	0h	0	0	0	0
1050206	802	1	8	0	37	0	[]	3	28d	1	0h	7d	0h	7d	0h	0	0	0	0
2300101	1010	1	99	16	12	0	[]	2	7d	0	0h	0h	0h	7d	0h	0	0	1	0
2300102	1020	1	99	17	12	0	[]	2	21d	0	0h	0h	0h	7d	0h	0	0	1	0
2300103	1030	1	99	18	12	0	[]	2	35d	0	0h	0h	0h	7d	0h	0	0	1	0
2300104	1040	1	99	19	12	0	[]	2	49d	0	0h	0h	0h	7d	0h	0	0	1	0
2300105	1050	1	99	20	12	0	[]	2	63d	0	0h	0h	0h	7d	0h	0	0	1	0
2300106	1060	1	99	21	12	0	[]	2	77d	0	0h	0h	0h	7d	0h	0	0	1	0
2300107	1070	1	99	22	12	0	[]	2	91d	0	0h	0h	0h	7d	0h	0	0	1	0
2300108	1080	1	99	23	12	0	[]	2	105d	0	0h	0h	0h	7d	0h	0	0	1	0
2300201	2010	1	99	26	12	0	[]	2	119d	0	0d	14d	0h	7d	0h	6	2025-05-26 00:00:00	1	0
2300202	2010	1	99	27	12	0	[]	4	2025-09-29 00:00:00	1	112d	14d	0h	7d	0h	0	0	1	0
1100101	7601	1	-1	0	5	0	[]	3	0h	0	0h	0h	0h	36000d	0h	0	0	0	0
1100102	1901	1	-1	0	5	0	[]	3	0h	0	0h	0h	0h	7d	0h	6	2025-11-14 00:00:00	0	0
1100103	1913	1	-1	0	5	0	[]	3	0h	0	0h	0h	0h	7d	0h	5	2025-11-14 00:00:00	0	0
2000201	1401	1	4	0	16	0	[]	3	0h	0	0h	0h	0h	3600d	0h	0	0	0	0
30000002	1004	1	4	0	104	0	[]	1	2023-08-04 00:00:00	0	0h	0h	0h	7d	0h	0	0	0	0
31000100	0	1	4	0	30	0	[]	2	1d	0	0h	0h	0h	3600d	0h	0	0	0	0
3100001	1500	1	4	0	35	0	[]	2	7d	0	0h	0h	0h	14d	0h	6	2026-08-27 00:00:00	0	0
3100002	1501	1	4	0	35	0	[]	2	7d	0	0h	0h	0h	14d	0h	5	2026-08-27 00:00:00	0	0
38000001	1001	0	4	0	38	0	[]	4	2023-12-14 00:00:00	0	0d	0h	0h	12d	0h	1	2023-12-14 00:00:00	0	0
38000002	2001	0	4	0	38	0	[]	4	2024-01-01 00:00:00	1	84d	28d	0h	14d	0h	0	0	0	0
38000003	1001	1	4	0	38	0	[]	3	14d	0	0d	0h	0h	12d	0h	0	0	0	0
38000004	1002	1	4	0	38	0	[]	3	42d	1	0d	28d	0h	12d	0h	0	0	0	0
1000001	102	1	99	25	1	0	[]	2	7d	0	0h	0h	0h	7d	24h	0	0	0	0
1100001	110	1	0	0	10	0	[]	1	2023-02-18 20:00:00	1	46d	14d	0d	24h	496798s	0	0	1	1
1100003	110	1	0	0	10	0	[]	1	2024-07-13 14:00:00	1	46d	14d	0d	24h	539998s	0	0	1	1
1100010	4001	1	0	0	101	0	[]	1	2023-02-20 00:00:00	1	0h	14d	0d	13d	0d	0	0	1	1
1000004	301	1	99	25	3	0	[]	2	7d	0	0h	0h	0h	168h	24h	6	2025-07-07 00:00:00	0	0
2000006	9002	1	0	0	74	0	[]	1	2025-09-15 00:00:00	1	14d	7d	0h	7d	0h	0	0	0	0
1000020	401	1	99	25	3	0	[]	2	7d	0	0h	0h	0h	168h	24h	6	2025-10-17 00:00:00	0	0
1000021	402	1	99	25	3	0	[]	2	7d	0	0h	0h	0h	168h	24h	5	2025-10-17 00:00:00	0	0
22000001	120	1	0	0	11	0	[]	2	2d	0	0h	0d	0h	3d	0h	0	0	0	1
22000006	121	1	0	0	11	0	[]	2	9d	0	0h	0d	0h	3d	0h	0	0	0	1
1120001	1200	1	0	0	9	0	[]	2	0d	0	0h	0d	0h	3600d	0h	0	0	1	1
3000001	3001	1	0	0	15	0	[]	2	2d	0	0d	0d	0h	1d	0h	0	0	1	1
3000002	3001	1	0	0	15	0	[]	2	9d	0	0d	0d	0h	1d	0h	0	0	1	1
3000003	3001	1	0	0	15	0	[]	1	2025-01-14 00:00:00	1	10d	7d	0h	1d	0h	0	0	1	1
3000101	3101	1	0	0	27	0	[]	2	1d	1	0d	7d	0h	7d	0h	0	0	1	1
4000001	4001	1	0	0	20	0	[]	1	2025-01-17 00:00:00	1	14d	7d	0h	1d	0h	0	0	1	1
4000003	4001	1	0	0	20	0	[]	2	6d	0	0d	0d	0h	1d	0h	0	0	1	1
4000004	4001	1	0	0	20	0	[]	2	13d	0	0d	0d	0h	1d	0h	0	0	1	1
5000001	3001	1	0	0	21	0	[]	1	2025-04-17 00:00:00	1	11d	7d	0h	1d	0h	0	0	1	1
5000002	3001	1	0	0	22	0	[]	1	2025-04-18 00:00:00	1	12d	7d	0h	1d	0h	0	0	1	1
1100012	0	1	0	0	103	0	[]	1	2025-04-21 00:00:00	1	0h	14d	0d	4d	46h	0	0	1	1
1100011	0	1	0	0	102	0	[]	1	2025-04-26 14:00:00	1	0h	14d	0d	8h	0d	0	0	1	1
1099301	995	0	0	0	26	0	[]	2	0d	0	0h	14d	0h	7d	0h	0	0	0	1
1099401	996	1	0	0	23	0	[]	2	5d	0	0h	0d	0h	2d	0h	0	0	0	1
1099402	996	1	0	0	23	0	[]	2	12d	0	0h	0d	0h	2d	0h	0	0	0	1
1200001	120	1	0	0	24	0	[]	2	0d	1	1d	7d	0h	7d	0h	0	0	0	1
1201001	1201	1	0	0	25	0	[]	2	1d	0	0h	0d	0h	28d	0h	0	0	0	1
1090101	901	1	0	0	9	0	[]	3	0d	0	0h	0h	0h	168h	0h	6	2026-01-09 00:00:00	1	1
1090103	902	1	99	24	9	0	[]	3	0d	0	0h	0h	0h	168h	0h	5	2026-01-09 00:00:00	1	1
30000101	1001	0	0	0	4	0	[]	4	2023-01-21 00:00:00	0	0h	8640h	0h	168h	24h	0	168h	0	0
30000102	1001	0	4	0	8	0	[]	4	2023-01-21 00:00:00	0	0h	8640h	0h	168h	0h	0	168h	0	0
30000103	1001	0	4	0	5	0	[]	4	2023-01-21 00:00:00	0	0h	8640h	0h	168h	0h	0	168h	0	0
30000201	1002	1	2	0	17	0	[]	1	2023-03-14 00:00:00	0	0	0h	0h	7d	0h	0	0	0	0
30000202	1002	1	2	0	18	0	[]	1	2023-03-14 00:00:00	0	0	0h	0h	7d	0h	0	0	0	0
30000203	1002	1	2	0	104	0	[]	1	2023-03-14 00:00:00	0	0	0h	0h	8d	0h	0	0	0	0
30000204	1002	1	2	0	5	0	[]	4	2023-03-14 00:00:00	0	0	0h	0h	7d	0h	4	168h	0	0
30000301	1003	1	2	0	17	0	[]	1	2023-04-01 00:00:00	0	0	0h	0h	7d	0h	0	0	0	0
30000302	1003	1	2	0	18	0	[]	1	2023-04-01 00:00:00	0	0	0h	0h	7d	0h	0	0	0	0
30000303	1003	1	2	0	104	0	[]	1	2023-04-01 00:00:00	0	0	0h	0h	8d	0h	0	0	0	0
30000304	1003	1	2	0	5	0	[]	4	2023-04-01 00:00:00	0	0	0h	0h	7d	0h	4	168h	0	0
1000002	201	1	1	0	2	0	[]	3	0h	0	0h	0h	0h	7d	0h	0	0	0	0
2901000	1000	1	4	0	29	0	[]	3	3d	0	0h	0h	0h	4d	0h	0	0	0	0
2951001	1001	1	4	0	29	0	[]	4	2023-08-07 00:00:00	1	7d	7d	0h	7d	0h	0	0	0	0
3001000	1011	0	4	0	31	0	[]	1	2023-11-11 00:00:00	1	7d	7d	0h	2d	0h	0	0	0	0
3002000	101	0	0	0	40	0	[]	3	0h	0	0h	0h	0h	7d	0h	2	2023-11-30 00:00:00	0	0
3002001	101	0	0	0	40	0	[]	4	2023-11-30 00:00:00	0	0h	0h	0h	7d	0h	1	2023-11-30 00:00:00	0	0
1008	1306	1	0	0	9	0	[]	5	0d	0	0h	0d	0h	5d	0h	0	0	1	1
1020401	605	1	2	0	37	0	[]	4	2024-01-22 00:00:00	0	0h	0h	0h	8d	24h	0	0	0	0
1020402	305	1	2	0	3	0	[]	1	2024-01-22 00:00:00	0	0h	0d	0h	168h	24h	0	0	0	0
1020403	10004	1	2	0	13	0	[]	1	2024-01-22 00:00:00	0	0h	0d	0h	168h	24h	0	0	0	0
1020404	1906	1	2	0	5	0	[]	1	2024-01-22 00:00:00	0	0h	0d	0h	168h	0h	0	0	0	0
1020405	1007	1	2	0	18	0	[]	1	2024-01-22 00:00:00	0	0h	0h	0h	7d	0h	0	0	0	0
1020406	1002	1	2	0	39	0	[]	1	2024-01-22 00:00:00	0	0h	0h	0h	7d	0h	0	0	0	0
1020407	1002	1	2	0	42	0	[]	1	2024-01-22 00:00:00	0	0h	0h	0h	8d	24h	0	0	0	0
1030001	210	0	7	0	43	0	[]	6	7d	1	0h	30d	0h	7d	0h	0	0	1	25
1030002	701	0	7	0	37	0	[]	6	7d	1	0h	30d	0h	7d	24h	0	0	1	25
1030003	90000	0	7	0	13	0	[]	6	7d	1	0h	30d	0h	7d	24h	0	0	1	25
1030004	410	0	7	0	44	0	[]	6	7d	1	0h	30d	0h	7d	0h	0	0	1	25
1030005	1001	0	7	0	45	0	[]	6	7d	1	0h	30d	0h	7d	0h	0	0	1	25
22000007	121	1	0	0	11	0	[]	1	2025-01-18 00:00:00	1	12d	7d	0h	2d	0h	0	0	0	1
22000008	121	1	0	0	11	0	[]	1	2025-01-21 00:00:00	1	12d	7d	0h	1d	0h	0	0	0	1
1099403	996	1	0	0	23	0	[]	1	2025-01-15 00:00:00	1	14d	7d	0h	2d	0h	0	0	0	1
2000010	100	1	99	24	81	0	[]	2	0d	0	0h	0h	0h	7d	0h	6	2026-06-25 00:00:00	0	0
2000011	100	1	99	24	81	0	[]	2	0d	0	0h	0h	0h	7d	0h	5	2026-06-25 00:00:00	0	0
1000010	100	1	99	24	70	0	[]	2	0d	0	0h	0h	0h	7d	0h	6	2026-01-09 00:00:00	0	0
1000110	109	1	99	24	70	0	[]	2	0d	0	0h	0h	0h	7d	0h	6	2026-06-25 00:00:00	0	0
1000210	110	1	99	24	70	0	[]	2	0d	0	0h	0h	0h	7d	0h	5	2026-06-25 00:00:00	0	0
1000011	200	1	99	24	72	0	[]	2	0d	0	0h	0h	0h	7d	0h	0	0	0	0
1000009	406	1	99	24	4	0	[]	3	0h	0	0h	0h	0h	168h	24h	6	2025-11-14 00:00:00	0	1
1000003	101	1	99	24	1	0	[]	2	0d	0	0h	0h	0h	7d	24h	0	0	0	0
1000109	406	1	99	24	4	0	[]	3	0h	0	0h	0h	0h	168h	24h	5	2025-11-14 00:00:00	0	1
1000022	30001	1	99	31	83	0	[]	3	0h	0	0h	0h	0h	7d	0h	5	2025-11-14 00:00:00	0	0
1011001	411	0	4	0	33	0	[]	2	28d	1	0h	28d	0h	7d	0h	0	0	0	0
1010001	401	1	99	8	33	0	[]	2	7d	0	0h	0h	0h	7d	0h	0	0	0	0
1010002	10001	1	99	8	37	0	[]	2	7d	0	0h	0h	0h	7d	0h	6	2026-06-19 00:00:00	0	0
1011002	10011	1	99	8	37	0	[]	2	7d	0	0h	0h	0h	7d	0h	5	2026-06-19 00:00:00	0	0
1010003	201	1	99	8	34	0	[]	2	7d	0	0h	0h	0h	7d	0h	6	2025-11-19 00:00:00	0	0
1011003	1201	1	99	8	34	0	[]	2	7d	0	0h	0h	0h	7d	0h	5	2025-11-19 00:00:00	0	0
1010004	2001	1	99	8	35	0	[]	2	7d	0	0h	0h	0h	7d	0h	5	2025-11-19 00:00:00	0	0
1010005	20001	1	99	8	5	0	[]	2	7d	0	0h	0h	0h	7d	0h	0	0	0	0
1010006	2001	1	99	8	18	0	[]	2	7d	0	0h	0h	0h	7d	0h	0	0	0	0
1010011	402	1	99	9	33	0	[]	1	2025-01-20 00:00:00	1	42d	28d	0h	7d	0h	0	0	0	0
1010012	10002	1	99	9	37	0	[]	1	2025-01-20 00:00:00	1	42d	28d	0h	7d	0h	0	0	0	0
1010013	202	1	99	9	34	0	[]	1	2025-01-20 00:00:00	0	42d	28d	0h	7d	0h	6	2025-10-19 00:00:00	0	0
1011013	1202	1	99	9	34	0	[]	1	2025-12-22 00:00:00	1	42d	28d	0h	7d	0h	0	0	0	0
1010014	2011	1	99	9	35	0	[]	1	2025-01-20 00:00:00	1	42d	28d	0h	7d	0h	0	0	0	0
1010015	20002	1	99	9	5	0	[]	1	2025-01-20 00:00:00	1	42d	28d	0h	7d	0h	0	0	0	0
1010016	2001	1	99	9	18	0	[]	1	2025-01-20 00:00:00	1	42d	28d	0h	7d	0h	0	0	0	0
1010101	411	1	99	10	33	0	[]	2	14d	0	0h	0h	0h	7d	0h	0	0	0	0
1010102	10101	1	99	10	37	0	[]	2	14d	0	0h	0h	0h	7d	0h	0	0	0	0
1010103	211	1	99	10	34	0	[]	2	14d	0	0h	0h	0h	7d	0h	6	2025-11-12 00:00:00	0	0
1011103	1211	1	99	10	34	0	[]	2	14d	0	0h	0h	0h	7d	0h	5	2025-11-12 00:00:00	0	0
1010104	2002	1	99	10	35	0	[]	2	14d	0	0h	0h	0h	7d	0h	5	2025-11-12 00:00:00	0	0
1010105	20011	1	99	10	5	0	[]	2	14d	0	0h	0h	0h	7d	0h	0	0	0	0
1010106	2002	1	99	10	18	0	[]	2	14d	0	0h	0h	0h	7d	0h	0	0	0	0
1010111	412	1	99	11	33	0	[]	1	2025-01-27 00:00:00	1	42d	28d	0h	7d	0h	0	0	0	0
1010112	10102	1	99	11	37	0	[]	1	2025-01-27 00:00:00	1	42d	28d	0h	7d	0h	0	0	0	0
1010113	212	0	99	11	34	0	[]	1	2025-01-27 00:00:00	1	42d	28d	0h	7d	0h	0	0	0	0
1011113	1212	1	99	11	34	0	[]	1	2025-01-27 00:00:00	1	42d	28d	0h	7d	0h	0	0	0	0
1010114	2012	1	99	11	35	0	[]	1	2025-01-27 00:00:00	1	42d	28d	0h	7d	0h	0	0	0	0
1010115	20012	1	99	11	5	0	[]	1	2025-01-27 00:00:00	1	42d	28d	0h	7d	0h	0	0	0	0
1010116	2002	1	99	11	18	0	[]	1	2025-01-27 00:00:00	1	42d	28d	0h	7d	0h	0	0	0	0
1010203	221	1	99	12	34	0	[]	2	28d	0	0h	0h	0h	7d	0h	6	2025-10-29 00:00:00	0	0
1010206	2003	1	99	12	18	0	[]	2	28d	0	0h	0h	0h	7d	0h	0	0	0	0
1010201	421	1	99	12	33	0	[]	2	28d	0	0h	0h	0h	7d	0h	6	2026-03-19 00:00:00	0	0
1010202	10201	1	99	12	37	0	[]	2	28d	0	0h	0h	0h	7d	0h	6	2026-03-19 00:00:00	0	0
1011203	1221	1	99	12	34	0	[]	2	28d	0	0h	0h	0h	7d	0h	6	2026-03-19 00:00:00	0	0
1010204	2003	1	99	12	35	0	[]	2	28d	0	0h	0h	0h	7d	0h	6	2026-03-19 00:00:00	0	0
1010205	20021	1	99	12	5	0	[]	2	28d	0	0h	0h	0h	7d	0h	6	2026-03-19 00:00:00	0	0
1012201	422	1	99	12	33	0	[]	2	28d	0	0h	0h	0h	7d	0h	5	2026-03-19 00:00:00	0	0
1012202	10202	1	99	12	37	0	[]	2	28d	0	0h	0h	0h	7d	0h	5	2026-03-19 00:00:00	0	0
1012203	1222	1	99	12	34	0	[]	2	28d	0	0h	0h	0h	7d	0h	5	2026-03-19 00:00:00	0	0
1012204	2023	1	99	12	35	0	[]	2	28d	0	0h	0h	0h	7d	0h	5	2026-03-19 00:00:00	0	0
1012205	20022	1	99	12	5	0	[]	2	28d	0	0h	0h	0h	7d	0h	5	2026-03-19 00:00:00	0	0
1010213	221	0	99	13	34	0	[]	1	2025-02-10 00:00:00	1	42d	28d	0h	7d	0h	0	0	0	0
1010216	2003	1	99	13	18	0	[]	1	2025-02-10 00:00:00	1	42d	28d	0h	7d	0h	0	0	0	0
1010211	422	1	99	13	33	0	[]	1	2025-02-10 00:00:00	1	42d	28d	0h	7d	0h	0	0	0	0
1010212	10203	1	99	13	37	0	[]	1	2025-02-10 00:00:00	1	42d	28d	0h	7d	0h	0	0	0	0
1011213	1222	1	99	13	34	0	[]	1	2025-02-10 00:00:00	1	42d	28d	0h	7d	0h	0	0	0	0
1010214	2013	1	99	13	35	0	[]	1	2025-02-10 00:00:00	1	42d	28d	0h	7d	0h	0	0	0	0
1010215	20022	1	99	13	5	0	[]	1	2025-02-10 00:00:00	1	42d	28d	0h	7d	0h	0	0	0	0
1010301	431	1	99	14	33	0	[]	2	21d	0	0h	0h	0h	7d	0h	0	0	0	0
1010302	10301	1	99	14	37	0	[]	2	21d	0	0h	0h	0h	7d	0h	0	0	0	0
1010303	231	1	99	14	34	0	[]	2	21d	0	0h	0h	0h	7d	0h	6	2025-11-05 00:00:00	0	0
1011303	1231	1	99	14	34	0	[]	2	21d	0	0h	0h	0h	7d	0h	5	2025-11-05 00:00:00	0	0
1010304	2004	1	99	14	35	0	[]	2	21d	0	0h	0h	0h	7d	0h	5	2025-11-05 00:00:00	0	0
1010305	20031	1	99	14	5	0	[]	2	21d	0	0h	0h	0h	7d	0h	0	0	0	0
1010306	2004	1	99	14	18	0	[]	2	21d	0	0h	0h	0h	7d	0h	0	0	0	0
1010311	431	1	99	15	33	0	[]	1	2025-02-03 00:00:00	1	42d	28d	0h	7d	0h	0	0	0	0
1010312	10302	1	99	15	37	0	[]	1	2025-02-03 00:00:00	1	42d	28d	0h	7d	0h	0	0	0	0
1010313	231	0	99	15	34	0	[]	1	2025-02-03 00:00:00	1	42d	28d	0h	7d	0h	0	0	0	0
1011313	1231	1	99	15	34	0	[]	1	2025-02-03 00:00:00	1	42d	28d	0h	7d	0h	0	0	0	0
1010314	2014	1	99	15	35	0	[]	1	2025-02-03 00:00:00	1	42d	28d	0h	7d	0h	0	0	0	0
1010315	20031	1	99	15	5	0	[]	1	2025-02-03 00:00:00	1	42d	28d	0h	7d	0h	0	0	0	0
1010316	2004	1	99	15	18	0	[]	1	2025-02-03 00:00:00	1	42d	28d	0h	7d	0h	0	0	0	0
1010401	1327	1	99	30	59	0	[]	2	35d	0	0h	0h	0h	7d	0h	6	2026-03-12 00:00:00	0	0
1010411	1328	1	99	30	59	0	[]	2	35d	0	0h	0h	0h	7d	0h	5	2026-03-12 00:00:00	0	0
1010402	10401	1	99	30	37	0	[]	2	35d	0	0h	0h	0h	7d	0h	5	2025-09-07 00:00:00	0	0
1010403	241	1	99	30	34	0	[]	2	35d	0	0h	0h	0h	7d	0h	6	2025-10-22 00:00:00	0	0
1011403	1241	1	99	30	34	0	[]	2	35d	0	0h	0h	0h	7d	0h	5	2025-10-22 00:00:00	0	0
1010406	2005	1	99	30	35	0	[]	2	35d	0	0h	0h	0h	7d	0h	5	2025-10-22 00:00:00	0	0
1010404	23	1	99	30	53	0	[]	2	35d	0	0h	0h	0h	8d	0h	5	2025-09-07 00:00:00	0	0
1010405	2005	1	99	30	18	0	[]	2	35d	0	0h	0h	0h	7d	0h	5	2025-09-07 00:00:00	0	0
38000101	3001	1	99	16	38	0	[]	2	7d	0	0d	0h	0h	7d	0h	0	0	0	0
38000102	3002	1	99	17	38	0	[]	2	21d	0	0d	0h	0h	7d	0h	0	0	0	0
38000103	3003	1	99	18	38	0	[]	2	35d	0	0d	0h	0h	7d	0h	0	0	0	0
38000104	3004	1	99	19	38	0	[]	2	49d	0	0d	0h	0h	7d	0h	0	0	0	0
38000105	3005	1	99	20	38	0	[]	2	63d	0	0d	0h	0h	7d	0h	0	0	0	0
38000106	3006	1	99	21	38	0	[]	2	77d	0	0d	0h	0h	7d	0h	0	0	0	0
38000107	3007	1	99	22	38	0	[]	2	91d	0	0d	0h	0h	7d	0h	0	0	0	0
38000108	3008	1	99	23	38	0	[]	2	105d	0	0d	0h	0h	7d	0h	0	0	0	0
38000109	3009	1	99	26	38	0	[]	2	119d	0	0d	14d	0h	7d	0h	6	2025-05-26 00:00:00	0	0
38000110	3009	1	99	27	38	0	[]	4	2025-09-29 00:00:00	1	112d	14d	0h	7d	0h	0	0	0	0
3003000	20001	1	8	0	37	0	[]	3	7d	1	0h	7d	0h	7d	0h	0	0	0	0
3003001	20002	1	8	0	37	0	[]	3	0d	1	0h	7d	0h	7d	0h	0	0	0	0
1000012	101	1	99	16	70	0	[]	2	7d	0	0h	0h	0h	7d	0h	0	0	0	0
1000013	102	1	99	17	70	0	[]	2	21d	0	0h	0h	0h	7d	0h	0	0	0	0
1000014	103	1	99	18	70	0	[]	2	35d	0	0h	0h	0h	7d	0h	0	0	0	0
1000015	104	1	99	19	70	0	[]	2	49d	0	0h	0h	0h	7d	0h	0	0	0	0
1000016	105	1	99	20	70	0	[]	2	63d	0	0h	0h	0h	7d	0h	0	0	0	0
1000017	106	1	99	21	70	0	[]	2	77d	0	0h	0h	0h	7d	0h	0	0	0	0
1000018	107	1	99	22	70	0	[]	2	91d	0	0h	0h	0h	7d	0h	0	0	0	0
1000019	108	1	99	23	70	0	[]	2	105d	0	0h	0h	0h	7d	0h	0	0	0	0
31000101	0	0	4	0	30	0	[]	2	1d	0	0h	0h	0h	3600d	0h	0	0	0	0
33000001	130	0	4	0	34	0	[]	1	2023-09-18 00:00:00	1	7d	168h	0h	168h	0h	0	0	0	0
33000201	201	0	4	0	34	0	[]	2	14d	1	14d	28d	0h	7d	0h	0	0	0	0
33000202	202	0	4	0	34	0	[]	2	28d	1	28d	28d	0h	7d	0h	0	0	0	0
1050208	802	0	8	0	37	0	[]	3	42d	0	0h	0h	0h	7d	0h	0	0	0	0
1050209	802	0	8	0	37	0	[]	3	49d	0	0h	0h	0h	7d	0h	0	0	0	0
1050210	802	0	8	0	37	0	[]	3	56d	0	0h	0h	0h	7d	0h	0	0	0	0
1050211	802	0	8	0	37	0	[]	3	63d	0	0h	0h	0h	7d	0h	0	0	0	0
1050212	802	0	8	0	37	0	[]	3	70d	0	0h	0h	0h	7d	0h	0	0	0	0
1050213	802	0	8	0	37	0	[]	3	77d	0	0h	0h	0h	7d	0h	0	0	0	0
1050214	802	0	8	0	37	0	[]	3	84d	0	0h	0h	0h	7d	0h	0	0	0	0
1050215	802	0	8	0	37	0	[]	3	91d	0	0h	0h	0h	7d	0h	0	0	0	0
1050216	802	0	8	0	37	0	[]	3	98d	0	0h	0h	0h	7d	0h	0	0	0	0
1050217	802	0	8	0	37	0	[]	3	105d	0	0h	0h	0h	7d	0h	0	0	0	0
1050218	802	0	8	0	37	0	[]	3	112d	0	0h	0h	0h	7d	0h	0	0	0	0
1050219	802	0	8	0	37	0	[]	3	119d	0	0h	0h	0h	7d	0h	0	0	0	0
1050220	802	0	8	0	37	0	[]	3	126d	0	0h	0h	0h	7d	0h	0	0	0	0
1050221	802	0	8	0	37	0	[]	3	133d	0	0h	0h	0h	7d	0h	0	0	0	0
1050222	802	0	8	0	37	0	[]	3	140d	0	0h	0h	0h	7d	0h	0	0	0	0
1050223	803	0	8	0	37	0	[]	3	147d	1	0h	7d	0h	7d	0h	0	0	0	0
1100002	110	0	0	0	10	0	[]	10	28d	1	0h	7d	0d	1d	6d	0	0	1	1
22000002	105	0	0	0	1	0	[]	2	14d	0	0h	0h	0h	7d	24h	0	0	0	0
22000003	106	0	0	0	1	0	[]	2	28d	0	0h	0h	0h	7d	24h	0	0	0	0
22000004	107	0	0	0	1	0	[]	2	42d	0	0h	0h	0h	7d	24h	0	0	0	0
22000005	108	0	0	0	1	0	[]	2	56d	0	0h	0h	0h	7d	24h	0	0	0	0
1000005	301	0	0	0	3	0	[]	2	21d	0	0h	0h	10m	168h	24h	5	2023-12-28 00:00:00	0	0
1100006	403	0	0	0	13	0	[]	2	14d	0	0h	0h	0h	168h	24h	0	0	0	1
1100007	404	0	0	0	13	0	[]	2	28d	0	0h	0h	0h	168h	24h	0	0	0	1
1100008	405	0	0	0	13	0	[]	2	42d	0	0h	0h	0h	168h	24h	0	0	0	1
1090301	903	0	0	0	9	0	[]	2	9d	1	0h	14d	0h	48h	0h	0	0	1	1
1090302	1903	0	0	0	9	0	[]	2	14d	1	0h	14d	0h	72h	0h	0	0	1	1
1090901	909	0	0	0	9	0	[]	2	7d	1	0h	14d	0h	48h	0h	0	0	1	1
1090902	1909	0	0	0	9	0	[]	2	17d	1	0h	14d	0h	48h	0h	0	0	1	1
1091101	911	0	0	0	9	0	[]	2	7d	1	0h	14d	0h	72h	0h	0	0	1	1
1091102	1911	0	0	0	9	0	[]	2	14d	1	0h	14d	0h	4d	0h	0	0	1	1
1091302	913	0	0	0	9	0	[]	2	7d	1	0h	14d	0h	4d	0h	0	0	1	1
1091303	1913	0	0	0	9	0	[]	2	14d	1	0h	14d	0h	3d	0h	0	0	1	1
1090601	906	0	0	0	9	0	[]	2	10d	1	0h	7d	0h	48h	0h	0	0	1	1
1090701	907	0	0	0	9	0	[]	2	12d	1	0h	7d	0h	48h	0h	0	0	1	1
1091701	917	0	0	0	9	0	[]	2	11d	1	0h	14d	0h	72h	0h	0	0	1	1
4000002	4001	0	0	0	20	0	[]	1	2023-06-08 00:00:00	1	7d	7d	0h	1d	0h	0	0	1	1
1091201	912	0	0	0	9	0	[]	3	17d	1	0h	14d	0h	48h	0h	0	0	1	1
1090201	902	0	0	0	9	0	[]	3	0d	0	0h	0h	0h	72h	0h	0	0	1	1
1090401	904	0	0	0	9	0	[]	3	2d	0	0h	0h	0h	72h	0h	0	0	1	1
1090501	905	0	0	0	9	0	[]	3	3d	0	0h	0h	0h	72h	0h	0	0	1	1
1090801	908	0	0	0	9	0	[]	3	8d	0	0h	0h	0h	72h	0h	0	0	1	1
1091001	910	0	0	0	9	0	[]	3	10d	0	0h	0h	0h	72h	0h	0	0	1	1
1091301	913	0	0	0	9	0	[]	3	8d	0	0h	168h	0h	48h	0h	0	0	1	1
1091401	914	0	0	0	9	0	[]	3	14d	0	0h	0h	0h	72h	0h	0	0	1	1
1091501	915	0	0	0	9	0	[]	3	15d	0	0h	0h	0h	72h	0h	0	0	1	1
1091601	916	0	0	0	9	0	[]	3	16d	0	0h	0h	0h	72h	0h	0	0	1	1
1091801	918	0	0	0	9	0	[]	3	18d	0	0h	0h	0h	72h	0h	0	0	1	1
1091901	919	0	0	0	9	0	[]	3	19d	0	0h	0h	0h	72h	0h	0	0	1	1
1092001	920	0	0	0	9	0	[]	3	20d	0	0h	0h	0h	72h	0h	0	0	1	1
1092101	921	0	0	0	9	0	[]	3	21d	0	0h	0h	0h	72h	0h	0	0	1	1
1092201	922	0	0	0	9	0	[]	3	22d	0	0h	0h	0h	72h	0h	0	0	1	1
1092301	923	0	0	0	9	0	[]	3	23d	0	0h	0h	0h	72h	0h	0	0	1	1
1092401	924	0	0	0	9	0	[]	3	24d	0	0h	0h	0h	72h	0h	0	0	1	1
1092501	925	0	0	0	9	0	[]	3	25d	0	0h	0h	0h	72h	0h	0	0	1	1
1092601	926	0	0	0	9	0	[]	3	26d	0	0h	0h	0h	72h	0h	0	0	1	1
1092701	927	0	0	0	9	0	[]	3	27d	0	0h	0h	0h	72h	0h	0	0	1	1
1095101	951	0	0	0	9	0	[]	3	28d	1	0h	42d	0h	72h	0h	0	0	1	1
1095201	952	0	0	0	9	0	[]	3	29d	1	0h	42d	0h	72h	0h	0	0	1	1
1095301	953	0	0	0	9	0	[]	3	30d	1	0h	42d	0h	72h	0h	0	0	1	1
1095401	954	0	0	0	9	0	[]	3	31d	1	0h	42d	0h	72h	0h	0	0	1	1
1095501	955	0	0	0	9	0	[]	3	32d	1	0h	42d	0h	72h	0h	0	0	1	1
1095601	956	0	0	0	9	0	[]	3	33d	1	0h	42d	0h	72h	0h	0	0	1	1
1095701	957	0	0	0	9	0	[]	3	34d	1	0h	42d	0h	72h	0h	0	0	1	1
1095801	958	0	0	0	9	0	[]	3	35d	1	0h	42d	0h	72h	0h	0	0	1	1
1095901	959	0	0	0	9	0	[]	3	36d	1	0h	42d	0h	72h	0h	0	0	1	1
1096001	960	0	0	0	9	0	[]	3	37d	1	0h	42d	0h	72h	0h	0	0	1	1
1096101	961	0	0	0	9	0	[]	3	38d	1	0h	42d	0h	72h	0h	0	0	1	1
1096201	962	0	0	0	9	0	[]	3	39d	1	0h	42d	0h	72h	0h	0	0	1	1
1096301	963	0	0	0	9	0	[]	3	40d	1	0h	42d	0h	72h	0h	0	0	1	1
1096401	964	0	0	0	9	0	[]	3	41d	1	0h	42d	0h	72h	0h	0	0	1	1
1096501	965	0	0	0	9	0	[]	3	42d	1	0h	42d	0h	72h	0h	0	0	1	1
1096601	966	0	0	0	9	0	[]	3	43d	1	0h	42d	0h	72h	0h	0	0	1	1
1096701	967	0	0	0	9	0	[]	3	44d	1	0h	42d	0h	72h	0h	0	0	1	1
1096801	968	0	0	0	9	0	[]	3	45d	1	0h	42d	0h	72h	0h	0	0	1	1
1096901	969	0	0	0	9	0	[]	3	46d	1	0h	42d	0h	72h	0h	0	0	1	1
1097001	970	0	0	0	9	0	[]	3	47d	1	0h	42d	0h	72h	0h	0	0	1	1
1097101	971	0	0	0	9	0	[]	3	48d	1	0h	42d	0h	72h	0h	0	0	1	1
1097201	972	0	0	0	9	0	[]	3	49d	1	0h	42d	0h	72h	0h	0	0	1	1
1097301	973	0	0	0	9	0	[]	3	50d	1	0h	42d	0h	72h	0h	0	0	1	1
1097401	974	0	0	0	9	0	[]	3	51d	1	0h	42d	0h	72h	0h	0	0	1	1
1097501	975	0	0	0	9	0	[]	3	52d	1	0h	42d	0h	72h	0h	0	0	1	1
1097601	976	0	0	0	9	0	[]	3	53d	1	0h	42d	0h	72h	0h	0	0	1	1
1097701	977	0	0	0	9	0	[]	3	54d	1	0h	42d	0h	72h	0h	0	0	1	1
1097801	978	0	0	0	9	0	[]	3	55d	1	0h	42d	0h	72h	0h	0	0	1	1
1097901	979	0	0	0	9	0	[]	3	56d	1	0h	42d	0h	72h	0h	0	0	1	1
1098001	980	0	0	0	9	0	[]	3	57d	1	0h	42d	0h	72h	0h	0	0	1	1
1098101	981	0	0	0	9	0	[]	3	58d	1	0h	42d	0h	72h	0h	0	0	1	1
1098201	982	0	0	0	9	0	[]	3	59d	1	0h	42d	0h	72h	0h	0	0	1	1
1098301	983	0	0	0	9	0	[]	3	60d	1	0h	42d	0h	72h	0h	0	0	1	1
1098401	984	0	0	0	9	0	[]	3	61d	1	0h	42d	0h	72h	0h	0	0	1	1
1098501	985	0	0	0	9	0	[]	3	62d	1	0h	42d	0h	72h	0h	0	0	1	1
1098601	986	0	0	0	9	0	[]	3	63d	1	0h	42d	0h	72h	0h	0	0	1	1
1098701	987	0	0	0	9	0	[]	3	64d	1	0h	42d	0h	72h	0h	0	0	1	1
1098801	988	0	0	0	9	0	[]	3	65d	1	0h	42d	0h	72h	0h	0	0	1	1
1098901	989	0	0	0	9	0	[]	3	66d	1	0h	42d	0h	72h	0h	0	0	1	1
1099001	990	0	0	0	9	0	[]	3	67d	1	0h	42d	0h	72h	0h	0	0	1	1
1099101	991	0	0	0	9	0	[]	3	68d	1	0h	42d	0h	72h	0h	0	0	1	1
1099201	992	0	0	0	9	0	[]	3	69d	1	0h	42d	0h	72h	0h	0	0	1	1
1000104	103	0	0	0	1	0	[]	2	28d	1	0h	672h	0h	144h	24h	0	0	0	1
1000105	104	0	0	0	1	0	[]	2	35d	1	0h	672h	0h	144h	24h	0	0	0	1
1000106	103	0	0	0	1	0	[]	2	14d	1	0h	672h	0h	144h	24h	0	0	0	1
1000107	104	0	0	0	1	0	[]	2	21d	1	0h	672h	0h	144h	24h	0	0	0	1
1000008	801	0	0	0	8	0	[]	1	2022-10-12 19:00:00	1	0h	7d	0h	7d	0h	0	0	1	1
1000102	103	0	0	0	1	0	[]	2	14d	1	0h	672h	0h	144h	24h	0	0	0	1
1000103	104	0	0	0	1	0	[]	2	21d	1	0h	672h	0h	144h	24h	0	0	0	1
21042701	103	0	0	0	1	0	[]	1	2021-04-28 00:00:00	0	0h	0h	0h	144h	24h	0	0	0	1
1000101	202	0	1	0	2	0	[]	3	7d	0	0h	0h	0h	7d	0h	0	0	0	1
1000112	203	0	1	0	2	0	[]	3	14d	0	0h	0h	0h	7d	0h	0	0	0	1
1000113	204	0	1	0	2	0	[]	3	21d	0	0h	0h	0h	7d	0h	0	0	0	1
1000114	205	0	1	0	2	0	[]	3	28d	1	0h	7d	0h	7d	0h	0	0	0	1
2911001	1001	0	4	0	29	0	[]	2	10d	0	0h	0h	0h	4d	0h	0	0	0	0
2921001	1001	0	4	0	29	0	[]	2	17d	0	0h	0h	0h	4d	0h	0	0	0	0
2931001	1001	0	4	0	29	0	[]	2	24d	0	0h	0h	0h	4d	0h	0	0	0	0
2941001	1001	0	4	0	29	0	[]	2	31d	0	0h	0h	0h	4d	0h	0	0	0	0
1001	1902	0	4	0	5	0	[]	1	2023-09-15 00:00:00	0	0h	0d	0h	7d	0h	0	0	1	1
1002	1300	0	0	0	9	0	[]	1	2023-09-15 00:00:00	0	0h	0d	0h	7d	0h	0	0	1	1
1003	1301	0	0	0	9	0	[]	1	2023-09-15 00:00:00	0	0h	0d	0h	7d	0h	0	0	1	1
1004	1302	0	0	0	9	0	[]	1	2023-09-15 00:00:00	0	0h	0d	0h	7d	0h	0	0	1	1
1005	1303	0	0	0	9	0	[]	1	2023-09-15 00:00:00	0	0h	0d	0h	7d	0h	0	0	1	1
1006	1304	0	0	0	9	0	[]	1	2023-09-15 00:00:00	0	0h	0d	0h	7d	0h	0	0	1	1
1007	1305	0	0	0	9	0	[]	1	2023-09-15 00:00:00	0	0h	0d	0h	7d	0h	0	0	1	1
3400001	800	0	4	0	58	0	[]	1	2024-06-01 00:00:00	1	28d	7d	0h	2d	0h	0	0	0	0
3400002	800	0	4	0	58	0	[]	3	6d	0	0h	0d	0h	3d	0h	0	0	0	0
1060101	601	0	4	0	5	0	[]	3	0h	0	0h	0	0h	3600d	0h	0	0	0	0
1060201	602	0	4	0	5	0	[]	3	0h	1	0h	7d	0h	168h	0h	0	0	0	0
1090102	993	0	0	0	9	0	[]	3	0d	0	0h	0h	0h	168h	0h	0	0	1	1
30000001	1004	0	0	0	18	0	[]	1	2023-08-04 00:00:00	0	0h	0h	0h	7d	0h	0	0	0	0
21053001	901	0	0	0	8	0	[]	1	2023-07-25 00:00:00	1	0h	1d	0h	1d	0h	0	0	1	1
31000001	1001	0	0	0	56	0	[]	3	0d	0	0h	0h	0h	7d	0h	5	2024-05-23 00:00:00	0	0
31000002	1002	0	0	0	56	0	[]	3	0d	0	0h	0h	0h	36000d	0h	0	0	0	0
1060302	603	0	4	0	5	0	[]	4	2021-01-25 00:00:00	1	0h	336h	0h	168h	0h	4	168h	0	0
1060402	604	0	4	0	5	0	[]	4	2021-01-18 00:00:00	1	0h	336h	0h	168h	0h	4	168h	0	0
1000007	501	0	4	0	6	0	[]	3	0h	0	0h	0h	0h	720h	0h	1	2024-06-20 00:00:00	0	0
1050201	502	0	4	0	6	0	[]	3	30d	0	0h	0h	0h	720h	0h	1	2024-06-20 00:00:00	0	0
21052001	801	1	4	0	8	0	[]	2	0d	0	0h	0h	0h	168h	0h	0	0	1	1
21052002	802	1	4	0	8	0	[]	2	7d	0	0h	0h	0h	168h	0h	0	0	1	1
21052003	803	1	4	0	8	0	[]	2	14d	0	0h	0h	0h	168h	0h	0	0	1	1
21052004	804	1	4	0	8	0	[]	2	21d	0	0h	0h	0h	168h	0h	0	0	1	1
21052005	805	1	4	0	8	0	[]	2	28d	0	0h	0h	0h	168h	0h	0	0	1	1
21052006	806	1	4	0	8	0	[]	2	35d	1	0h	7d	0h	168h	0h	0	0	1	1
3400101	1307	1	4	0	59	0	[]	1	2025-08-15 00:00:00	0	0h	0d	0h	7d	0h	6	2025-08-02 00:00:00	0	0
3400102	1308	1	4	0	9	0	[]	1	2025-08-15 00:00:00	0	0h	0d	0h	7d	0h	6	2025-08-02 00:00:00	0	0
3400103	1309	1	4	0	9	0	[]	1	2025-08-15 00:00:00	0	0h	0d	0h	7d	0h	6	2025-08-02 00:00:00	0	0
3400104	1317	1	4	0	59	0	[]	2	14d	0	0h	0d	0h	7d	0h	5	2025-08-02 00:00:00	0	0
3400105	1308	1	4	0	9	0	[]	2	14d	0	0h	0d	0h	7d	0h	5	2025-08-02 00:00:00	0	0
3400106	1309	1	4	0	9	0	[]	2	14d	0	0h	0d	0h	7d	0h	5	2025-08-02 00:00:00	0	0
1020001	1001	1	99	1	37	0	[]	4	2025-08-15 00:00:00	0	0h	0h	0h	8d	0h	6	2025-08-01 00:00:00	0	0
1020002	1001	1	99	1	3	0	[]	1	2025-08-15 00:00:00	0	0h	0d	0h	168h	24h	6	2025-08-01 00:00:00	0	0
1020003	1001	1	99	1	5	0	[]	1	2025-08-15 00:00:00	0	0h	0d	0h	168h	0h	6	2025-08-01 00:00:00	0	0
1020004	1001	1	99	1	18	0	[]	1	2025-08-15 00:00:00	0	0h	0h	0h	7d	0h	6	2025-08-01 00:00:00	0	0
1020005	1001	1	99	1	39	0	[]	1	2025-08-15 00:00:00	0	0h	0h	0h	7d	0h	6	2025-08-01 00:00:00	0	0
1020006	1001	1	99	1	52	0	[]	1	2025-08-15 00:00:00	0	0h	0h	0h	8d	0h	6	2025-08-01 00:00:00	0	0
1020007	15	1	99	1	53	0	[]	4	2025-08-15 00:00:00	0	0h	0h	0h	8d	0h	6	2025-08-01 00:00:00	0	0
1020011	2001	1	99	2	19	0	[]	1	2025-09-09 00:00:00	0	0h	0h	0h	5d	24h	6	2025-08-26 00:00:00	0	0
1020012	2001	1	99	2	3	0	[]	1	2025-09-09 00:00:00	0	0h	0d	0h	5d	24h	6	2025-08-26 00:00:00	0	0
1020013	22	1	99	2	53	0	[]	1	2025-09-09 00:00:00	0	0h	0d	0h	6d	0h	6	2025-08-26 00:00:00	0	0
1020014	2001	1	99	2	5	0	[]	1	2025-09-09 00:00:00	0	0h	0h	0h	5d	0h	6	2025-08-26 00:00:00	0	0
1020015	3001	1	99	2	18	0	[]	1	2025-09-09 00:00:00	0	0h	0h	0h	5d	0h	6	2025-08-26 00:00:00	0	0
1100013	5001	1	0	0	154	0	[]	1	2025-11-07 00:00:00	1	90d	14d	1d	3d	0d	0	0	0	1
1100021	5003	1	0	0	157	0	[]	11	10d	0	0d	0h	0d	4d	24h	0	0	0	1
1100022	5003	1	0	0	157	0	[]	11	18d	0	0d	0h	0d	4d	24h	0	0	0	1
1100023	5003	1	0	0	157	0	[]	11	25d	0	0d	0h	0d	4d	24h	0	0	0	1
1100024	5003	1	0	0	157	0	[]	11	31d	0	0d	0h	0d	182h	10h	0	0	0	1
1100121	5004	1	0	0	157	0	[]	11	4d	0	0d	0h	0d	7d	24h	0	0	0	1
1100122	5004	1	0	0	157	0	[]	11	18d	0	0d	0h	0d	7d	24h	0	0	0	1
1100123	5004	1	0	0	157	0	[]	11	32d	0	0d	0h	0d	7d	24h	0	0	0	1
1100031	5003	1	0	0	157	0	[]	11	10d	0	0d	0h	0d	5d	24h	0	0	0	1
1100032	5003	1	0	0	157	0	[]	11	17d	0	0d	0h	0d	5d	24h	0	0	0	1
1100033	5003	1	0	0	157	0	[]	11	24d	0	0d	0h	0d	5d	24h	0	0	0	1
1100034	5003	1	0	0	157	0	[]	11	31d	0	0d	0h	0d	182h	10h	0	0	0	1
1100221	5005	1	0	0	157	0	[]	11	4d	0	0d	0h	0d	7d	24h	0	0	0	1
1100222	5005	1	0	0	157	0	[]	11	18d	0	0d	0h	0d	7d	24h	0	0	0	1
1100223	5005	1	0	0	157	0	[]	11	32d	0	0d	0h	0d	7d	24h	0	0	0	1
1100041	5003	1	0	0	157	0	[]	11	10d	0	0d	0h	0d	5d	24h	0	0	0	1
1100042	5003	1	0	0	157	0	[]	11	17d	0	0d	0h	0d	5d	24h	0	0	0	1
1100043	5003	1	0	0	157	0	[]	11	24d	0	0d	0h	0d	5d	24h	0	0	0	1
1100044	5003	1	0	0	157	0	[]	11	31d	0	0d	0h	0d	182h	10h	0	0	0	1
3003002	20003	1	8	0	37	0	[]	3	7d	1	0h	7d	0h	7d	0h	0	0	0	0
3003003	20004	1	8	0	37	0	[]	3	7d	1	0h	7d	0h	7d	0h	0	0	0	0
2040001	116	1	0	0	79	0	[]	2	2d	0	0h	0h	0h	7d	24h	5	2025-08-18 00:00:00	0	0
1020021	1002	1	99	1	37	0	[]	4	2025-10-01 00:00:00	0	0h	0h	0h	8d	0h	6	2025-09-17 00:00:00	0	0
1020022	1002	1	99	1	3	0	[]	1	2025-10-01 00:00:00	0	0h	0d	0h	168h	24h	6	2025-09-17 00:00:00	0	0
1020023	1002	1	99	1	5	0	[]	1	2025-10-01 00:00:00	0	0h	0d	0h	168h	0h	6	2025-09-17 00:00:00	0	0
1020024	1002	1	99	1	18	0	[]	1	2025-10-01 00:00:00	0	0h	0h	0h	7d	0h	6	2025-09-17 00:00:00	0	0
1020025	1002	1	99	1	39	0	[]	1	2025-10-01 00:00:00	0	0h	0h	0h	7d	0h	6	2025-09-17 00:00:00	0	0
1020026	1002	1	99	1	42	0	[]	1	2025-10-01 00:00:00	0	0h	0h	0h	8d	24h	6	2025-09-17 00:00:00	0	0
1020027	15	1	99	1	53	0	[]	4	2025-10-01 00:00:00	0	0h	0h	0h	8d	0h	6	2025-09-17 00:00:00	0	0
1020028	15	1	99	1	53	0	[]	4	2025-10-01 00:00:00	0	0h	0h	0h	10d	0h	6	2025-09-17 00:00:00	0	0
1298001	120	1	0	0	82	0	[]	2	1d	0	0d	0d	0h	42d	0h	0	0	0	1
1020031	2001	1	99	2	19	0	[]	1	2025-10-17 00:00:00	0	0h	0h	0h	5d	24h	6	2025-10-03 00:00:00	0	0
1020032	2001	1	99	2	3	0	[]	1	2025-10-17 00:00:00	0	0h	0d	0h	5d	24h	6	2025-10-03 00:00:00	0	0
1020033	22	1	99	2	53	0	[]	1	2025-10-17 00:00:00	0	0h	0d	0h	6d	0h	6	2025-10-03 00:00:00	0	0
1020034	2001	1	99	2	5	0	[]	1	2025-10-17 00:00:00	0	0h	0h	0h	5d	0h	6	2025-10-03 00:00:00	0	0
1020035	3001	1	99	2	18	0	[]	1	2025-10-17 00:00:00	0	0h	0h	0h	5d	0h	6	2025-10-03 00:00:00	0	0
1020041	1001	1	99	1	52	0	[]	1	2025-10-31 00:00:00	0	0h	0h	0h	8d	0h	6	2025-10-17 00:00:00	0	0
1020042	15	1	99	1	53	0	[]	4	2025-10-31 00:00:00	0	0h	0h	0h	9d	0h	6	2025-10-17 00:00:00	0	0
1020043	1001	1	99	1	37	0	[]	4	2025-10-31 00:00:00	0	0h	0h	0h	8d	0h	6	2025-10-17 00:00:00	0	0
1020044	1001	1	99	1	3	0	[]	1	2025-10-31 00:00:00	0	0h	0d	0h	168h	24h	6	2025-10-17 00:00:00	0	0
1020045	1001	1	99	1	5	0	[]	1	2025-10-31 00:00:00	0	0h	0d	0h	168h	0h	6	2025-10-17 00:00:00	0	0
1020046	1001	1	99	1	39	0	[]	1	2025-10-31 00:00:00	0	0h	0h	0h	7d	0h	6	2025-10-17 00:00:00	0	0
1020047	1001	1	99	1	18	0	[]	1	2025-10-31 00:00:00	0	0h	0h	0h	7d	0h	6	2025-10-17 00:00:00	0	0
3003004	20005	1	8	0	37	0	[]	3	7d	1	0h	7d	0h	7d	0h	0	0	0	0
3003005	20006	1	8	0	37	0	[]	3	7d	1	0h	7d	0h	7d	0h	0	0	0	0
1020051	2001	1	99	2	31	0	[]	1	2025-11-15 00:00:00	0	0h	0h	0h	5d	0h	6	2025-11-01 00:00:00	0	0
1020052	2001	1	99	2	3	0	[]	1	2025-11-15 00:00:00	0	0h	0d	0h	5d	24h	6	2025-11-01 00:00:00	0	0
1020053	22	1	99	2	53	0	[]	1	2025-11-15 00:00:00	0	0h	0d	0h	6d	0h	6	2025-11-01 00:00:00	0	0
1020054	2001	1	99	2	5	0	[]	1	2025-11-15 00:00:00	0	0h	0h	0h	5d	0h	6	2025-11-01 00:00:00	0	0
1020055	3001	1	99	2	18	0	[]	1	2025-11-15 00:00:00	0	0h	0h	0h	5d	0h	6	2025-11-01 00:00:00	0	0
1200201	40001	1	9	0	110	0	[]	2	0d	0	0h	0h	0h	3d	0h	5	2025-12-10 00:00:00	0	0
1200202	40002	1	0	0	111	0	[]	2	0d	0	0h	0h	0h	30d	0h	5	2025-12-10 00:00:00	0	0
1200203	40002	1	0	0	111	0	[]	1	2025-12-10 00:00:00	0	0h	0h	0h	30d	0h	6	2025-12-10 00:00:00	0	0
1020061	1003	1	99	1	42	0	[]	1	2025-11-27 00:00:00	0	0h	0h	0h	8d	24h	6	2025-11-13 00:00:00	0	0
1020062	15	1	99	1	53	0	[]	4	2025-11-27 00:00:00	0	0h	0h	0h	9d	0h	6	2025-11-13 00:00:00	0	0
1020063	1003	1	99	1	37	0	[]	4	2025-11-27 00:00:00	0	0h	0h	0h	8d	0h	6	2025-11-13 00:00:00	0	0
1020064	1003	1	99	1	3	0	[]	1	2025-11-27 00:00:00	0	0h	0d	0h	168h	24h	6	2025-11-13 00:00:00	0	0
1020065	1003	1	99	1	5	0	[]	1	2025-11-27 00:00:00	0	0h	0d	0h	168h	0h	6	2025-11-13 00:00:00	0	0
1020066	1003	1	99	1	80	0	[]	1	2025-11-27 00:00:00	0	0h	0h	0h	7d	0h	6	2025-11-13 00:00:00	0	0
1020067	1003	1	99	1	18	0	[]	1	2025-11-27 00:00:00	0	0h	0h	0h	7d	0h	6	2025-11-13 00:00:00	0	0
2100001	9101	1	99	106	106	0	[]	12	6d	1	0d	7d	0h	6d	0h	7	2026-04-13 00:00:00	0	0
2100002	9101	1	99	106	107	0	[]	12	6d	1	0d	7d	0h	6d	24h	7	2026-04-13 00:00:00	0	0
2100003	9101	1	99	106	108	0	[]	12	6d	1	0d	7d	0h	6d	0h	7	2026-04-13 00:00:00	0	0
1020071	2001	1	99	2	104	0	[]	1	2025-12-11 00:00:00	0	0h	0h	0h	5d	24h	6	2025-11-27 00:00:00	0	0
1020072	2001	1	99	2	3	0	[]	1	2025-12-11 00:00:00	0	0h	0d	0h	5d	24h	6	2025-11-27 00:00:00	0	0
1020073	22	1	99	2	53	0	[]	1	2025-12-11 00:00:00	0	0h	0d	0h	6d	0h	6	2025-11-27 00:00:00	0	0
1020074	2001	1	99	2	5	0	[]	1	2025-12-11 00:00:00	0	0h	0h	0h	5d	0h	6	2025-11-27 00:00:00	0	0
1020075	3001	1	99	2	18	0	[]	1	2025-12-11 00:00:00	0	0h	0h	0h	5d	0h	6	2025-11-27 00:00:00	0	0
1020081	1003	1	99	1	42	0	[]	1	2025-12-25 00:00:00	0	0h	0h	0h	8d	24h	6	2025-12-11 00:00:00	0	0
1020082	15	1	99	1	53	0	[]	4	2025-12-25 00:00:00	0	0h	0h	0h	9d	0h	6	2025-12-11 00:00:00	0	0
1020083	1003	1	99	1	37	0	[]	4	2025-12-25 00:00:00	0	0h	0h	0h	8d	0h	6	2025-12-11 00:00:00	0	0
1020084	1003	1	99	1	3	0	[]	1	2025-12-25 00:00:00	0	0h	0d	0h	168h	24h	6	2025-12-11 00:00:00	0	0
1020085	1003	1	99	1	5	0	[]	1	2025-12-25 00:00:00	0	0h	0d	0h	168h	0h	6	2025-12-11 00:00:00	0	0
1020086	1003	1	99	1	80	0	[]	1	2025-12-25 00:00:00	0	0h	0h	0h	7d	0h	6	2025-12-11 00:00:00	0	0
1020087	1003	1	99	1	18	0	[]	1	2025-12-25 00:00:00	0	0h	0h	0h	7d	0h	6	2025-12-11 00:00:00	0	0
1020088	1004	1	99	3	37	0	[]	4	2025-12-29 00:00:00	0	0h	0h	0h	7d	0h	6	2025-12-15 00:00:00	0	0
1020089	30	1	99	4	53	0	[]	4	2026-01-06 00:00:00	0	0h	0h	0h	4d	0h	6	2025-12-23 00:00:00	0	0
1020091	2001	1	99	2	75	0	[]	1	2026-01-12 00:00:00	0	0h	0h	0h	7d	0h	6	2025-12-29 00:00:00	0	0
1020092	2001	1	99	2	3	0	[]	1	2026-01-12 00:00:00	0	0h	0d	0h	5d	24h	6	2025-12-29 00:00:00	0	0
1020093	22	1	99	2	53	0	[]	1	2026-01-12 00:00:00	0	0h	0d	0h	8d	0h	6	2025-12-29 00:00:00	0	0
1020094	2001	1	99	2	5	0	[]	1	2026-01-12 00:00:00	0	0h	0h	0h	5d	0h	6	2025-12-29 00:00:00	0	0
1020095	3001	1	99	2	18	0	[]	1	2026-01-12 00:00:00	0	0h	0h	0h	5d	0h	6	2025-12-29 00:00:00	0	0
1020101	1001	1	99	5	78	0	[]	4	2026-01-17 00:00:00	0	0h	0h	0h	5d	0h	6	2026-01-03 00:00:00	0	0
1020111	1004	1	99	1	77	0	[]	1	2026-01-22 00:00:00	0	0h	0h	0h	8d	24h	6	2026-01-08 00:00:00	0	0
1020112	15	1	99	1	53	0	[]	4	2026-01-22 00:00:00	0	0h	0h	0h	9d	0h	6	2026-01-08 00:00:00	0	0
1020113	1004	1	99	1	37	0	[]	4	2026-01-22 00:00:00	0	0h	0h	0h	8d	0h	6	2026-01-08 00:00:00	0	0
1020114	1004	1	99	1	3	0	[]	1	2026-01-22 00:00:00	0	0h	0d	0h	168h	24h	6	2026-01-08 00:00:00	0	0
1020115	1004	1	99	1	5	0	[]	1	2026-01-22 00:00:00	0	0h	0d	0h	168h	0h	6	2026-01-08 00:00:00	0	0
1020116	1004	1	99	1	80	0	[]	1	2026-01-22 00:00:00	0	0h	0h	0h	7d	0h	6	2026-01-08 00:00:00	0	0
1020117	1004	1	99	1	18	0	[]	1	2026-01-22 00:00:00	0	0h	0h	0h	7d	0h	6	2026-01-08 00:00:00	0	0
1020121	1003	1	99	1	122	1	[]	1	2026-02-12 00:00:00	0	0h	0h	0h	10d	24h	6	2026-01-29 00:00:00	0	0
1020122	15	1	99	1	53	0	[]	4	2026-02-12 00:00:00	0	0h	0h	0h	11d	0h	6	2026-01-29 00:00:00	0	0
1020123	1003	1	99	1	37	0	[]	4	2026-02-12 00:00:00	0	0h	0h	0h	10d	0h	6	2026-01-29 00:00:00	0	0
1020124	1003	1	99	1	3	0	[]	1	2026-02-12 00:00:00	0	0h	0d	0h	7d	24h	6	2026-01-29 00:00:00	0	0
1020125	1003	1	99	1	5	0	[]	1	2026-02-12 00:00:00	0	0h	0d	0h	10d	0h	6	2026-01-29 00:00:00	0	0
1020126	1003	1	99	1	80	0	[]	1	2026-02-12 00:00:00	0	0h	0h	0h	7d	0h	6	2026-01-29 00:00:00	0	0
1020127	1003	1	99	1	18	0	[]	1	2026-02-12 00:00:00	0	0h	0h	0h	7d	0h	6	2026-01-29 00:00:00	0	0
1020128	3001	1	99	1	104	1	[]	1	2026-02-16 00:00:00	0	0h	0h	0h	5d	24h	6	2026-01-29 00:00:00	0	0
1020129	3001	1	99	1	202	0	[]	1	2026-02-16 00:00:00	0	0h	0h	0h	4d	0h	6	2026-01-29 00:00:00	0	0
1020130	3003	1	99	1	120	1	[]	1	2026-02-12 00:00:00	0	0h	0h	0h	10d	0h	6	2026-01-29 00:00:00	0	0
1020131	3002	1	99	1	47	0	[]	1	2026-02-22 00:00:00	0	0h	0h	0h	2d	0h	6	2026-01-29 00:00:00	0	0
1020118	1001	1	99	5	78	0	[]	4	2026-02-03 00:00:00	0	0h	0h	0h	6d	0h	6	2026-01-20 00:00:00	0	0
1020132	1003	1	99	6	123	1	[]	1	2026-02-12 00:00:00	0	0h	0h	0h	10d	0h	6	2026-01-29 00:00:00	0	0
1020133	1003	1	99	0	112	0	[]	4	2026-02-12 00:00:00	0	0h	0h	0h	7d	0h	6	2026-01-29 00:00:00	0	0
1020134	1003	1	99	0	112	0	[]	4	2026-02-19 00:00:00	0	0h	0h	0h	7d	0h	6	2026-02-05 00:00:00	0	0
1020141	2001	1	99	2	31	2	[]	1	2026-02-27 00:00:00	0	0h	0h	0h	7d	0h	6	2026-02-13 00:00:00	0	0
1020142	2001	1	99	2	3	0	[]	1	2026-02-27 00:00:00	0	0h	0d	0h	6d	24h	6	2026-02-13 00:00:00	0	0
1020143	22	1	99	2	53	0	[]	1	2026-02-27 00:00:00	0	0h	0d	0h	8d	0h	6	2026-02-13 00:00:00	0	0
1020144	2001	1	99	2	5	0	[]	1	2026-02-27 00:00:00	0	0h	0h	0h	7d	0h	6	2026-02-13 00:00:00	0	0
1020145	3001	1	99	2	18	0	[]	1	2026-02-27 00:00:00	0	0h	0h	0h	6d	0h	6	2026-02-13 00:00:00	0	0
1020146	1001	1	99	5	78	0	[]	4	2026-03-08 00:00:00	0	0h	0h	0h	6d	0h	6	2026-02-22 00:00:00	0	0
1020147	3001	1	99	5	202	0	[]	1	2026-03-08 00:00:00	0	0h	0h	0h	5d	0h	6	2026-02-22 00:00:00	0	0
1020151	2001	1	99	2	104	3	[]	1	2026-03-14 00:00:00	0	0h	0h	0h	6d	24h	6	2026-02-28 00:00:00	0	0
1020152	2001	1	99	2	202	0	[]	1	2026-03-14 00:00:00	0	0h	0h	0h	5d	0h	6	2026-02-28 00:00:00	0	0
1020153	2001	1	99	2	3	0	[]	1	2026-03-14 00:00:00	0	0h	0d	0h	5d	24h	6	2026-02-28 00:00:00	0	0
1020154	22	1	99	2	53	0	[]	1	2026-03-14 00:00:00	0	0h	0d	0h	7d	0h	6	2026-02-28 00:00:00	0	0
1020155	2001	1	99	2	5	0	[]	1	2026-03-14 00:00:00	0	0h	0h	0h	6d	0h	6	2026-02-28 00:00:00	0	0
1020156	3001	1	99	2	18	0	[]	1	2026-03-14 00:00:00	0	0h	0h	0h	5d	0h	6	2026-02-28 00:00:00	0	0
1020157	4001	1	99	5	78	0	[]	4	2026-03-22 00:00:00	0	0h	0h	0h	6d	0h	6	2026-03-08 00:00:00	0	0
1020158	4001	1	99	5	202	0	[]	1	2026-03-22 00:00:00	0	0h	0h	0h	5d	0h	6	2026-03-08 00:00:00	0	0
1020159	30	1	99	5	53	0	[]	1	2026-03-22 00:00:00	0	0h	0d	0h	7d	0h	6	2026-03-08 00:00:00	0	0
1020161	1001	1	99	1	124	4	[]	1	2026-03-29 00:00:00	0	0h	0h	0h	8d	24h	6	2026-03-15 00:00:00	0	0
1020162	15	1	99	1	53	0	[]	4	2026-03-29 00:00:00	0	0h	0h	0h	9d	0h	6	2026-03-15 00:00:00	0	0
1020163	1001	1	99	1	37	0	[]	4	2026-03-29 00:00:00	0	0h	0h	0h	8d	0h	6	2026-03-15 00:00:00	0	0
1020164	1001	1	99	1	3	0	[]	1	2026-03-29 00:00:00	0	0h	0d	0h	7d	24h	6	2026-03-15 00:00:00	0	0
1020165	1001	1	99	1	5	0	[]	1	2026-03-29 00:00:00	0	0h	0d	0h	8d	0h	6	2026-03-15 00:00:00	0	0
1020166	1001	1	99	1	80	0	[]	1	2026-03-29 00:00:00	0	0h	0h	0h	7d	0h	6	2026-03-15 00:00:00	0	0
1020167	1001	1	99	1	18	0	[]	1	2026-03-29 00:00:00	0	0h	0h	0h	7d	0h	6	2026-03-15 00:00:00	0	0
1020171	4001	1	99	5	78	0	[]	4	2026-04-08 00:00:00	0	0h	0h	0h	6d	0h	6	2026-03-25 00:00:00	0	0
1020172	4001	1	99	5	202	0	[]	1	2026-04-08 00:00:00	0	0h	0h	0h	5d	0h	6	2026-03-25 00:00:00	0	0
1020173	30	1	99	5	53	0	[]	1	2026-04-08 00:00:00	0	0h	0d	0h	7d	0h	6	2026-03-25 00:00:00	0	0
1020174	4001	1	99	5	84	0	[]	4	2026-04-08 00:00:00	0	0h	0d	0h	5d	0h	6	2026-03-25 00:00:00	0	0
1020181	2001	1	99	2	125	5	[]	1	2026-04-16 00:00:00	0	0h	0h	0h	6d	24h	6	2026-04-02 00:00:00	0	0
1020182	2001	1	99	2	3	0	[]	1	2026-04-16 00:00:00	0	0h	0d	0h	5d	24h	6	2026-04-02 00:00:00	0	0
1020183	22	1	99	2	53	0	[]	1	2026-04-16 00:00:00	0	0h	0d	0h	7d	0h	6	2026-04-02 00:00:00	0	0
1020184	2001	1	99	2	5	0	[]	1	2026-04-16 00:00:00	0	0h	0h	0h	6d	0h	6	2026-04-02 00:00:00	0	0
1020185	3001	1	99	2	18	0	[]	1	2026-04-16 00:00:00	0	0h	0h	0h	5d	0h	6	2026-04-02 00:00:00	0	0
1020186	5001	1	99	7	85	0	[]	4	2026-04-23 00:00:00	0	0h	0h	0h	6d	0h	6	2026-04-09 00:00:00	0	0
1020187	5001	1	99	7	202	0	[]	1	2026-04-23 00:00:00	0	0h	0h	0h	5d	0h	6	2026-04-09 00:00:00	0	0
1020188	31	1	99	7	53	0	[]	1	2026-04-23 00:00:00	0	0h	0d	0h	7d	0h	6	2026-04-09 00:00:00	0	0
1020189	5001	1	99	7	84	0	[]	4	2026-04-23 00:00:00	0	0h	0d	0h	5d	0h	6	2026-04-09 00:00:00	0	0
3500000	1012	1	101	0	32	0	[]	3	0d	0	21d	0h	0h	3600d	0h	0	0	0	0
3500001	20001	1	99	107	12	0	[]	1	2026-06-01 00:00:00	0	0h	0d	0h	7d	0h	6	2026-05-11 00:00:00	0	0
3500002	3001	1	99	107	59	0	[]	1	2026-06-01 00:00:00	0	0h	0d	0h	7d	0h	6	2026-05-11 00:00:00	0	0
3500003	903	1	99	107	37	0	[]	1	2026-06-01 00:00:00	0	0h	0d	0h	7d	0h	6	2026-05-11 00:00:00	0	0
3500004	20002	1	99	108	12	0	[]	2	21d	0	0h	0d	0h	7d	0h	5	2026-05-11 00:00:00	0	0
3500005	3002	1	99	108	59	0	[]	2	21d	0	0h	0d	0h	7d	0h	5	2026-05-11 00:00:00	0	0
3500006	904	1	99	108	37	0	[]	2	21d	0	0h	0d	0h	7d	0h	5	2026-05-11 00:00:00	0	0
3500010	20003	1	99	109	12	0	[]	1	2026-06-15 00:00:00	1	28d	28d	0h	7d	0h	0	0	0	0
3500011	3003	1	99	109	59	0	[]	1	2026-06-15 00:00:00	1	28d	28d	0h	7d	0h	0	0	0	0
3500012	905	1	99	109	37	0	[]	1	2026-06-15 00:00:00	1	28d	28d	0h	7d	0h	0	0	0	0
3500013	20004	1	99	110	12	0	[]	1	2026-06-29 00:00:00	1	42d	28d	0h	7d	0h	0	0	0	0
3500014	3004	1	99	110	59	0	[]	1	2026-06-29 00:00:00	1	42d	28d	0h	7d	0h	0	0	0	0
3500015	906	1	99	110	37	0	[]	1	2026-06-29 00:00:00	1	42d	28d	0h	7d	0h	0	0	0	0
1020191	1002	1	99	1	122	6	[]	1	2026-04-29 00:00:00	0	0h	0h	0h	8d	24h	6	2026-04-15 00:00:00	0	0
1020192	15	1	99	1	53	0	[]	4	2026-04-29 00:00:00	0	0h	0h	0h	9d	0h	6	2026-04-15 00:00:00	0	0
1020193	1002	1	99	1	37	0	[]	4	2026-04-29 00:00:00	0	0h	0h	0h	8d	0h	6	2026-04-15 00:00:00	0	0
1020194	1002	1	99	1	3	0	[]	1	2026-04-29 00:00:00	0	0h	0d	0h	7d	24h	6	2026-04-15 00:00:00	0	0
1020195	1002	1	99	1	5	0	[]	1	2026-04-29 00:00:00	0	0h	0d	0h	8d	0h	6	2026-04-15 00:00:00	0	0
1020196	1002	1	99	1	80	0	[]	1	2026-04-29 00:00:00	0	0h	0h	0h	7d	0h	6	2026-04-15 00:00:00	0	0
1020197	1002	1	99	1	18	0	[]	1	2026-04-29 00:00:00	0	0h	0h	0h	7d	0h	6	2026-04-15 00:00:00	0	0
1020201	4001	1	99	5	78	0	[]	4	2026-05-09 00:00:00	0	0h	0h	0h	6d	0h	6	2026-04-25 00:00:00	0	0
1020202	4001	1	99	5	202	0	[]	1	2026-05-09 00:00:00	0	0h	0h	0h	5d	0h	6	2026-04-25 00:00:00	0	0
1020203	30	1	99	5	53	0	[]	1	2026-05-09 00:00:00	0	0h	0d	0h	7d	0h	6	2026-04-25 00:00:00	0	0
1020204	4001	1	99	5	84	0	[]	4	2026-05-09 00:00:00	0	0h	0d	0h	5d	0h	6	2026-04-25 00:00:00	0	0
1020211	2001	1	99	2	104	7	[]	1	2026-05-16 00:00:00	0	0h	0h	0h	6d	24h	6	2026-05-02 00:00:00	0	0
1020212	2001	1	99	2	202	0	[]	1	2026-05-16 00:00:00	0	0h	0h	0h	5d	0h	6	2026-05-02 00:00:00	0	0
1020213	2001	1	99	2	3	0	[]	1	2026-05-16 00:00:00	0	0h	0d	0h	5d	24h	6	2026-05-02 00:00:00	0	0
1020214	22	1	99	2	53	0	[]	1	2026-05-16 00:00:00	0	0h	0d	0h	7d	0h	6	2026-05-02 00:00:00	0	0
1020215	2001	1	99	2	5	0	[]	1	2026-05-16 00:00:00	0	0h	0h	0h	6d	0h	6	2026-05-02 00:00:00	0	0
1020216	3001	1	99	2	18	0	[]	1	2026-05-16 00:00:00	0	0h	0h	0h	5d	0h	6	2026-05-02 00:00:00	0	0
1020221	5001	1	99	7	85	0	[]	4	2026-05-23 00:00:00	0	0h	0h	0h	6d	0h	6	2026-05-09 00:00:00	0	0
1020222	5001	1	99	7	202	0	[]	1	2026-05-23 00:00:00	0	0h	0h	0h	5d	0h	6	2026-05-09 00:00:00	0	0
1020223	31	1	99	7	53	0	[]	1	2026-05-23 00:00:00	0	0h	0d	0h	7d	0h	6	2026-05-09 00:00:00	0	0
1020224	5001	1	99	7	84	0	[]	4	2026-05-23 00:00:00	0	0h	0d	0h	5d	0h	6	2026-05-09 00:00:00	0	0
1020231	1003	1	99	1	122	8	[]	1	2026-05-30 00:00:00	0	0h	0h	0h	8d	24h	6	2026-05-16 00:00:00	0	0
1020232	15	1	99	1	53	0	[]	4	2026-05-30 00:00:00	0	0h	0h	0h	9d	0h	6	2026-05-16 00:00:00	0	0
1020233	1003	1	99	1	37	0	[]	4	2026-05-30 00:00:00	0	0h	0h	0h	8d	0h	6	2026-05-16 00:00:00	0	0
1020234	1003	1	99	1	3	0	[]	1	2026-05-30 00:00:00	0	0h	0d	0h	7d	24h	6	2026-05-16 00:00:00	0	0
1020235	1003	1	99	1	5	0	[]	1	2026-05-30 00:00:00	0	0h	0d	0h	8d	0h	6	2026-05-16 00:00:00	0	0
1020236	1003	1	99	1	80	0	[]	1	2026-05-30 00:00:00	0	0h	0h	0h	7d	0h	6	2026-05-16 00:00:00	0	0
1020237	1003	1	99	1	18	0	[]	1	2026-05-30 00:00:00	0	0h	0h	0h	7d	0h	6	2026-05-16 00:00:00	0	0
1020241	4001	1	99	5	78	0	[]	4	2026-06-08 00:00:00	0	0h	0h	0h	6d	0h	6	2026-05-25 00:00:00	0	0
1020242	4001	1	99	5	202	0	[]	1	2026-06-08 00:00:00	0	0h	0h	0h	5d	0h	6	2026-05-25 00:00:00	0	0
1020243	30	1	99	5	53	0	[]	1	2026-06-08 00:00:00	0	0h	0d	0h	7d	0h	6	2026-05-25 00:00:00	0	0
1020244	4001	1	99	5	84	0	[]	4	2026-06-08 00:00:00	0	0h	0d	0h	5d	0h	6	2026-05-25 00:00:00	0	0
1020251	1004	1	99	1	126	9	[]	1	2026-06-16 00:00:00	0	0h	0h	0h	8d	24h	6	2026-06-02 00:00:00	0	0
1020252	15	1	99	1	53	0	[]	4	2026-06-16 00:00:00	0	0h	0h	0h	9d	0h	6	2026-06-02 00:00:00	0	0
1020253	1004	1	99	1	37	0	[]	4	2026-06-16 00:00:00	0	0h	0h	0h	8d	0h	6	2026-06-02 00:00:00	0	0
1020254	1004	1	99	1	3	0	[]	1	2026-06-16 00:00:00	0	0h	0d	0h	168h	24h	6	2026-06-02 00:00:00	0	0
1020255	1004	1	99	1	5	0	[]	1	2026-06-16 00:00:00	0	0h	0d	0h	168h	0h	6	2026-06-02 00:00:00	0	0
1020256	1004	1	99	1	80	0	[]	1	2026-06-16 00:00:00	0	0h	0h	0h	7d	0h	6	2026-06-02 00:00:00	0	0
1020257	1004	1	99	1	18	0	[]	1	2026-06-16 00:00:00	0	0h	0h	0h	7d	0h	6	2026-06-02 00:00:00	0	0
1020271	2002	1	99	2	125	10	[]	1	2026-07-01 00:00:00	0	0h	0h	0h	6d	24h	6	2026-06-17 00:00:00	0	0
1020272	22	1	99	2	53	0	[]	1	2026-07-01 00:00:00	0	0h	0d	0h	7d	0h	6	2026-06-17 00:00:00	0	0
1020273	2002	1	99	2	202	0	[]	1	2026-07-01 00:00:00	0	0h	0h	0h	5d	0h	6	2026-06-17 00:00:00	0	0
1020274	2002	1	99	2	3	0	[]	1	2026-07-01 00:00:00	0	0h	0d	0h	5d	24h	6	2026-06-17 00:00:00	0	0
1020275	2002	1	99	2	5	0	[]	1	2026-07-01 00:00:00	0	0h	0h	0h	6d	0h	6	2026-06-17 00:00:00	0	0
1020276	3002	1	99	2	18	0	[]	1	2026-07-01 00:00:00	0	0h	0h	0h	5d	0h	6	2026-06-17 00:00:00	0	0
1020261	5001	1	99	7	85	0	[]	4	2026-06-25 00:00:00	0	0h	0h	0h	6d	0h	6	2026-06-11 00:00:00	0	0
1020262	5001	1	99	7	202	0	[]	1	2026-06-25 00:00:00	0	0h	0h	0h	5d	0h	6	2026-06-11 00:00:00	0	0
1020263	31	1	99	7	53	0	[]	1	2026-06-25 00:00:00	0	0h	0d	0h	7d	0h	6	2026-06-11 00:00:00	0	0
1020264	5001	1	99	7	84	0	[]	4	2026-06-25 00:00:00	0	0h	0d	0h	5d	0h	6	2026-06-11 00:00:00	0	0
1020281	4001	1	99	5	78	0	[]	4	2026-07-08 00:00:00	0	0h	0h	0h	6d	0h	6	2026-06-24 00:00:00	0	0
1020282	4001	1	99	5	202	0	[]	1	2026-07-08 00:00:00	0	0h	0h	0h	5d	0h	6	2026-06-24 00:00:00	0	0
1020283	30	1	99	5	53	0	[]	1	2026-07-08 00:00:00	0	0h	0d	0h	7d	0h	6	2026-06-24 00:00:00	0	0
1020284	4001	1	99	5	84	0	[]	4	2026-07-08 00:00:00	0	0h	0d	0h	5d	0h	6	2026-06-24 00:00:00	0	0
1020301	1005	1	99	1	127	11	[]	1	2026-07-15 00:00:00	0	0h	0h	0h	10d	24h	6	2026-07-01 00:00:00	0	0
1020302	1005	1	99	1	128	11	[]	1	2026-07-15 00:00:00	0	0h	0h	0h	10d	24h	6	2026-07-01 00:00:00	0	0
1020303	15	1	99	1	53	0	[]	4	2026-07-15 00:00:00	0	0h	0h	0h	11d	0h	6	2026-07-01 00:00:00	0	0
1020304	1005	1	99	1	37	0	[]	4	2026-07-15 00:00:00	0	0h	0h	0h	10d	0h	6	2026-07-01 00:00:00	0	0
1020305	1005	1	99	1	3	0	[]	1	2026-07-15 00:00:00	0	0h	0d	0h	7d	24h	6	2026-07-01 00:00:00	0	0
1020306	1005	1	99	1	5	0	[]	1	2026-07-15 00:00:00	0	0h	0d	0h	10d	0h	6	2026-07-01 00:00:00	0	0
1020307	1005	1	99	1	80	0	[]	1	2026-07-15 00:00:00	0	0h	0h	0h	7d	0h	6	2026-07-01 00:00:00	0	0
1020308	1005	1	99	1	18	0	[]	1	2026-07-15 00:00:00	0	0h	0h	0h	7d	0h	6	2026-07-01 00:00:00	0	0
1020309	6001	1	99	1	104	11	[]	1	2026-07-19 00:00:00	0	0h	0h	0h	5d	24h	6	2026-07-01 00:00:00	0	0
1020310	6001	1	99	1	202	0	[]	1	2026-07-19 00:00:00	0	0h	0h	0h	4d	0h	6	2026-07-01 00:00:00	0	0
1020311	6003	1	99	1	120	11	[]	1	2026-07-15 00:00:00	0	0h	0h	0h	10d	0h	6	2026-07-01 00:00:00	0	0
1020312	6002	1	99	1	47	0	[]	1	2026-07-25 00:00:00	0	0h	0h	0h	2d	0h	6	2026-07-01 00:00:00	0	0
1020313	1005	1	99	6	123	11	[]	1	2026-07-15 00:00:00	0	0h	0h	0h	10d	0h	6	2026-07-01 00:00:00	0	0
1020314	1005	1	99	0	112	0	[]	4	2026-07-15 00:00:00	0	0h	0h	0h	7d	0h	6	2026-07-01 00:00:00	0	0
1020315	1006	1	99	0	112	0	[]	4	2026-07-22 00:00:00	0	0h	0h	0h	7d	0h	6	2026-07-01 00:00:00	0	0
1020291	5001	1	99	7	85	0	[]	14	1	1	0h	0h	0h	6d	0h	0	0	0	0
1020292	5001	1	99	7	202	0	[]	13	2	1	0h	0h	0h	5d	0h	0	0	0	0
1020293	31	1	99	7	53	0	[]	13	3	1	0h	0d	0h	7d	0h	0	0	0	0
1020294	5001	1	99	7	84	0	[]	14	4	1	0h	0d	0h	5d	0h	0	0	0	0
1020321	2002	1	99	2	125	12	[]	1	2026-08-03 00:00:00	0	0h	0h	0h	6d	24h	6	2026-07-20 00:00:00	0	0
1020322	22	1	99	2	53	0	[]	1	2026-08-03 00:00:00	0	0h	0d	0h	7d	0h	6	2026-07-20 00:00:00	0	0
1020323	2002	1	99	2	202	0	[]	1	2026-08-03 00:00:00	0	0h	0h	0h	5d	0h	6	2026-07-20 00:00:00	0	0
1020324	2002	1	99	2	3	0	[]	1	2026-08-03 00:00:00	0	0h	0d	0h	5d	24h	6	2026-07-20 00:00:00	0	0
1020325	2002	1	99	2	5	0	[]	1	2026-08-03 00:00:00	0	0h	0h	0h	6d	0h	6	2026-07-20 00:00:00	0	0
1020326	3002	1	99	2	18	0	[]	1	2026-08-03 00:00:00	0	0h	0h	0h	5d	0h	6	2026-07-20 00:00:00	0	0
1020331	1001	1	99	1	124	13	[]	1	2026-08-18 00:00:00	0	0h	0h	0h	8d	24h	6	2026-08-04 00:00:00	0	0
1020332	15	1	99	1	53	0	[]	4	2026-08-18 00:00:00	0	0h	0h	0h	9d	0h	6	2026-08-04 00:00:00	0	0
1020333	1001	1	99	1	37	0	[]	4	2026-08-18 00:00:00	0	0h	0h	0h	8d	0h	6	2026-08-04 00:00:00	0	0
1020334	1001	1	99	1	3	0	[]	1	2026-08-18 00:00:00	0	0h	0d	0h	7d	24h	6	2026-08-04 00:00:00	0	0
1020335	1001	1	99	1	5	0	[]	1	2026-08-18 00:00:00	0	0h	0d	0h	8d	0h	6	2026-08-04 00:00:00	0	0
1020336	1001	1	99	1	80	0	[]	1	2026-08-18 00:00:00	0	0h	0h	0h	7d	0h	6	2026-08-04 00:00:00	0	0
1020337	1001	1	99	1	18	0	[]	1	2026-08-18 00:00:00	0	0h	0h	0h	7d	0h	6	2026-08-04 00:00:00	0	0
1020341	4001	1	99	5	78	0	[]	14	11	1	0h	0h	0h	6d	0h	0	0	0	0
1020342	4001	1	99	5	202	0	[]	13	12	1	0h	0h	0h	5d	0h	0	0	0	0
1020343	30	1	99	5	53	0	[]	13	13	1	0h	0d	0h	7d	0h	0	0	0	0
1020344	4001	1	99	5	84	0	[]	14	14	1	0h	0d	0h	5d	0h	0	0	0	0
1020351	2003	1	99	2	129	14	[]	1	2026-09-05 00:00:00	0	0h	0h	0h	6d	24h	6	2026-08-22 00:00:00	0	0
1020352	22	1	99	2	53	0	[]	1	2026-09-05 00:00:00	0	0h	0d	0h	7d	0h	6	2026-08-22 00:00:00	0	0
1020353	2003	1	99	2	202	0	[]	1	2026-09-05 00:00:00	0	0h	0h	0h	5d	0h	6	2026-08-22 00:00:00	0	0
1020354	2003	1	99	2	3	0	[]	1	2026-09-05 00:00:00	0	0h	0d	0h	5d	24h	6	2026-08-22 00:00:00	0	0
1020355	2003	1	99	2	5	0	[]	1	2026-09-05 00:00:00	0	0h	0h	0h	6d	0h	6	2026-08-22 00:00:00	0	0
1020356	3003	1	99	2	18	0	[]	1	2026-09-05 00:00:00	0	0h	0h	0h	5d	0h	6	2026-08-22 00:00:00	0	0
1020361	1002	1	99	1	122	15	[]	1	2026-09-25 00:00:00	0	0h	0h	0h	12d	24h	6	2026-09-11 00:00:00	0	0
1020362	6001	1	99	1	104	15	[]	1	2026-09-30 00:00:00	0	0h	0h	0h	6d	24h	6	2026-09-11 00:00:00	0	0
1020363	15	1	99	1	53	0	[]	4	2026-09-25 00:00:00	0	0h	0h	0h	13d	0h	6	2026-09-11 00:00:00	0	0
1020364	1002	1	99	1	37	0	[]	4	2026-09-25 00:00:00	0	0h	0h	0h	12d	0h	6	2026-09-11 00:00:00	0	0
1020365	1002	1	99	1	3	0	[]	1	2026-09-25 00:00:00	0	0h	0d	0h	7d	24h	6	2026-09-11 00:00:00	0	0
1020366	1002	1	99	1	80	0	[]	1	2026-09-25 00:00:00	0	0h	0h	0h	7d	0h	6	2026-09-11 00:00:00	0	0
1020367	6001	1	99	1	202	0	[]	1	2026-09-30 00:00:00	0	0h	0h	0h	5d	0h	6	2026-09-11 00:00:00	0	0
1020368	1002	1	99	1	128	15	[]	1	2026-09-25 00:00:00	0	0h	0h	0h	12d	24h	6	2026-09-11 00:00:00	0	0
1020369	1002	1	99	1	5	0	[]	1	2026-09-25 00:00:00	0	0h	0d	0h	12d	0h	6	2026-09-11 00:00:00	0	0
1020370	1002	1	99	1	18	0	[]	1	2026-09-25 00:00:00	0	0h	0h	0h	7d	0h	6	2026-09-11 00:00:00	0	0
1020371	6003	1	99	1	120	15	[]	1	2026-09-25 00:00:00	0	0h	0h	0h	12d	0h	6	2026-09-11 00:00:00	0	0
1020372	6002	1	99	1	47	0	[]	1	2026-10-07 00:00:00	0	0h	0h	0h	2d	0h	6	2026-09-11 00:00:00	0	0
1020373	1002	1	99	6	123	15	[]	1	2026-09-25 00:00:00	0	0h	0h	0h	12d	0h	6	2026-09-11 00:00:00	0	0
1020374	1002	1	99	0	112	0	[]	4	2026-09-25 00:00:00	0	0h	0h	0h	7d	0h	6	2026-09-11 00:00:00	0	0
1020375	1002	1	99	0	112	0	[]	4	2026-10-02 00:00:00	0	0h	0h	0h	7d	0h	6	2026-09-11 00:00:00	0	0
